/*
Navicat MySQL Data Transfer

Source Server         : Wamp
Source Server Version : 50617
Source Host           : 127.0.0.1:3306
Source Database       : coi

Target Server Type    : MYSQL
Target Server Version : 50617
File Encoding         : 65001

Date: 2017-02-15 15:12:18
*/

SET FOREIGN_KEY_CHECKS=0;

-- ----------------------------
-- Table structure for admin
-- ----------------------------
DROP TABLE IF EXISTS `admin`;
CREATE TABLE `admin` (
  `id` int(7) NOT NULL AUTO_INCREMENT,
  `userName` varchar(255) NOT NULL,
  `passWord` varchar(255) NOT NULL,
  PRIMARY KEY (`id`)
) ENGINE=InnoDB AUTO_INCREMENT=5 DEFAULT CHARSET=utf8;

-- ----------------------------
-- Records of admin
-- ----------------------------
INSERT INTO `admin` VALUES ('1', '2014317200405', '123456');
INSERT INTO `admin` VALUES ('2', '孙梦海', '123456');
INSERT INTO `admin` VALUES ('3', '超级管理员', '123456');
INSERT INTO `admin` VALUES ('4', '2014317200401', '123456');

-- ----------------------------
-- Table structure for basicinformation
-- ----------------------------
DROP TABLE IF EXISTS `basicinformation`;
CREATE TABLE `basicinformation` (
  `studentId` char(13) NOT NULL,
  `name` varchar(10) NOT NULL,
  `sex` char(10) NOT NULL,
  `age` char(2) NOT NULL,
  `birthDay` varchar(50) NOT NULL,
  `idCard` char(18) NOT NULL,
  `dorm` varchar(255) DEFAULT NULL,
  `homeland` varchar(255) DEFAULT NULL,
  `phoneNumber` char(11) DEFAULT NULL,
  `qq` varchar(255) DEFAULT NULL,
  `self` varchar(255) DEFAULT NULL,
  `firstTheme` varchar(255) DEFAULT NULL,
  `firstContent` varchar(255) DEFAULT NULL,
  `secondTheme` varchar(255) DEFAULT NULL,
  `secondContent` varchar(255) DEFAULT NULL,
  `thirdTheme` varchar(255) DEFAULT NULL,
  `thirdContent` varchar(255) DEFAULT NULL,
  `fourthTheme` varchar(255) DEFAULT NULL,
  `fourthContent` varchar(255) DEFAULT NULL,
  PRIMARY KEY (`studentId`)
) ENGINE=InnoDB DEFAULT CHARSET=utf8;

-- ----------------------------
-- Records of basicinformation
-- ----------------------------
INSERT INTO `basicinformation` VALUES ('2013311200906', '樊银忠', 'M', '21', '1995-10-17', '321281199510171076', '荟七201', '江苏泰州', '15207148291', '1173906808', 'Hello，我是程序猿，我来自计科1404班，当你的才华还撑不起你的梦想时，那么你就应该静下心来学习！', '樊银忠', '樊银忠', '樊银忠', '樊银忠', '樊银忠', '樊银忠', '樊银忠', '樊银忠');
INSERT INTO `basicinformation` VALUES ('2014317200401', '赵晨宇', 'M', '20', '1996-08-07', '510107199608072610', '荟五635', '四川成都', '13880181247', '364251097', 'Hello，我是程序猿，我来自计科1404班，当你的才华还撑不起你的梦想时，那么你就应该静下心来学习！', '赵晨宇', '赵晨宇', '赵晨宇', '赵晨宇', '赵晨宇', '赵晨宇', '赵晨宇', '赵晨宇');
INSERT INTO `basicinformation` VALUES ('2014317200402', '孔繁奎', 'M', '25', '1991-12-15', '500236199112150879', '荟五635', '重庆奉节', '15927180097', '2692551453', 'Hello，我是程序猿，我来自计科1404班，当你的才华还撑不起你的梦想时，那么你就应该静下心来学习！', '孔繁奎', '孔繁奎', '孔繁奎', '孔繁奎', '孔繁奎', '孔繁奎', '孔繁奎', '孔繁奎');
INSERT INTO `basicinformation` VALUES ('2014317200403', '胡君凡', 'M', '20', '1996-06-19', '420684199606192510', '荟五636', '湖北宜城', '15549062510', '317763417', 'Hello，我是程序猿，我来自计科1404班，当你的才华还撑不起你的梦想时，那么你就应该静下心来学习！', '胡君凡', '胡君凡', '胡君凡', '胡君凡', '胡君凡', '胡君凡', '胡君凡', '胡君凡');
INSERT INTO `basicinformation` VALUES ('2014317200404', '周一鸣', 'M', '19', '1997-02-06', '421221199702064053', '荟五636', '湖北咸安', '13026344670', '1483364863', 'Hello，我是程序猿，我来自计科1404班，当你的才华还撑不起你的梦想时，那么你就应该静下心来学习！', '周一鸣', '周一鸣', '周一鸣', '周一鸣', '周一鸣', '周一鸣', '周一鸣', '周一鸣');
INSERT INTO `basicinformation` VALUES ('2014317200405', '孙梦海', 'M', '21', '1995-05-01', '340826199505011458', '荟五636', '安徽安庆', '15927391680', '87813732', 'Hello，我是程序猿，我来自计科1404班，当你的才华还撑不起你的梦想时，那么你就应该静下心来学习！', '孙梦海', '孙梦海', '孙梦海', '孙梦海', '孙梦海', '孙梦海', '孙梦海', '孙梦海');
INSERT INTO `basicinformation` VALUES ('2014317200406', '江玮', 'M', '20', '1996-11-15', '421022199611150015', '荟五636', '湖北公安', '18908619349', '810313318', 'Hello，我是程序猿，我来自计科1404班，当你的才华还撑不起你的梦想时，那么你就应该静下心来学习！', '江玮', '江玮', '江玮', '江玮', '江玮', '江玮', '江玮', '江玮');
INSERT INTO `basicinformation` VALUES ('2014317200407', '吴桦', 'M', '21', '1995-02-28', '411523199502280912', '荟五637', '河南信阳', '15927002872', '596527851', 'Hello，我是程序猿，我来自计科1404班，当你的才华还撑不起你的梦想时，那么你就应该静下心来学习！', '吴桦', '吴桦', '吴桦', '吴桦', '吴桦', '吴桦', '吴桦', '吴桦');
INSERT INTO `basicinformation` VALUES ('2014317200408', '段理政', 'M', '21', '1995-03-01', '421222199503010032', '荟五637', '湖北通城', '15927626323', '1025360660', 'Hello，我是程序猿，我来自计科1404班，当你的才华还撑不起你的梦想时，那么你就应该静下心来学习！', '段理政', '段理政', '段理政', '段理政', '段理政', '段理政', '段理政', '段理政');
INSERT INTO `basicinformation` VALUES ('2014317200409', '陈迦南', 'M', '20', '1996-06-17', '330302199606175216', '荟五637', '浙江鹿城', '15257761352', '524449630', 'Hello，我是程序猿，我来自计科1404班，当你的才华还撑不起你的梦想时，那么你就应该静下心来学习！', '陈迦南', '陈迦南', '陈迦南', '陈迦南', '陈迦南', '陈迦南', '陈迦南', '陈迦南');
INSERT INTO `basicinformation` VALUES ('2014317200411', '普威', 'M', '22', '1994-01-01', '530424199401010638', '荟五638', '云南华宁', '15927001519', '997918472', 'Hello，我是程序猿，我来自计科1404班，当你的才华还撑不起你的梦想时，那么你就应该静下心来学习！', '普威', '普威', '普威', '普威', '普威', '普威', '普威', '普威');
INSERT INTO `basicinformation` VALUES ('2014317200412', '刘小强', 'M', '21', '1995-06-17', '410822199506170517', '荟五638', '河南焦作', '15927401623', '987796170', 'Hello，我是程序猿，我来自计科1404班，当你的才华还撑不起你的梦想时，那么你就应该静下心来学习！', '刘小强', '刘小强', '刘小强', '刘小强', '刘小强', '刘小强', '刘小强', '刘小强');
INSERT INTO `basicinformation` VALUES ('2014317200413', '魏爽', 'M', '21', '1995-10-07', '32032419951007701X', '荟五638', '江苏睢宁', '18906290273', '1529329799', 'Hello，我是程序猿，我来自计科1404班，当你的才华还撑不起你的梦想时，那么你就应该静下心来学习！', '魏爽', '魏爽', '魏爽', '魏爽', '魏爽', '魏爽', '魏爽', '魏爽');
INSERT INTO `basicinformation` VALUES ('2014317200414', '张鹏', 'M', '20', '1996-01-02', '420115199601020015', '荟五638', '湖北江夏', '13647231581', '604231275', 'Hello，我是程序猿，我来自计科1404班，当你的才华还撑不起你的梦想时，那么你就应该静下心来学习！', '张鹏', '张鹏', '张鹏', '张鹏', '张鹏', '张鹏', '张鹏', '张鹏');
INSERT INTO `basicinformation` VALUES ('2014317200417', '石岩达', 'M', '20', '1996-04-14', '430105199604142017', '荟五639', '江苏江阴', '13921267707', '416354172', 'Hello，我是程序猿，我来自计科1404班，当你的才华还撑不起你的梦想时，那么你就应该静下心来学习！', '石岩达', '石岩达', '石岩达', '石岩达', '石岩达', '石岩达', '石岩达', '石岩达');
INSERT INTO `basicinformation` VALUES ('2014317200418', '陈锦', 'M', '20', '1996-03-09', '422201199603097330', '荟五639', '湖北孝感', '13995852258', '857636891', 'Hello，我是程序猿，我来自计科1404班，当你的才华还撑不起你的梦想时，那么你就应该静下心来学习！', '陈锦', '陈锦', '陈锦', '陈锦', '陈锦', '陈锦', '陈锦', '陈锦');
INSERT INTO `basicinformation` VALUES ('2014317200421', '黄子宽', 'M', '21', '1995-12-01', '330683199512011231', '荟五640', '浙江嵊州', '13858556506', '549898889', 'Hello，我是程序猿，我来自计科1404班，当你的才华还撑不起你的梦想时，那么你就应该静下心来学习！', '黄子宽', '黄子宽', '黄子宽', '黄子宽', '黄子宽', '黄子宽', '黄子宽', '黄子宽');
INSERT INTO `basicinformation` VALUES ('2014317200423', '郭孟蜜', 'F', '21', '1995-09-11', '410883199509113545', '荟五279', '河南焦作', '15927407348', '384304165', 'Hello，我是程序猿，我来自计科1404班，当你的才华还撑不起你的梦想时，那么你就应该静下心来学习！', '郭孟蜜', '郭孟蜜', '郭孟蜜', '郭孟蜜', '郭孟蜜', '郭孟蜜', '郭孟蜜', '郭孟蜜');
INSERT INTO `basicinformation` VALUES ('2014317200424', '程丽微', 'F', '21', '1995-04-03', '420117199504033626', '荟五277', '湖北武汉', '15071281568', '1046464389', 'Hello，我是程序猿，我来自计科1404班，当你的才华还撑不起你的梦想时，那么你就应该静下心来学习！', '程丽微', '程丽微', '程丽微', '程丽微', '程丽微', '程丽微', '程丽微', '程丽微');
INSERT INTO `basicinformation` VALUES ('2014317200425', '吴美琪', 'F', '20', '1996-07-11', '420881199607110021', '荟五279', '湖北钟祥', '13707265597', '1490156787', 'Hello，我是程序猿，我来自计科1404班，当你的才华还撑不起你的梦想时，那么你就应该静下心来学习！', '吴美琪', '吴美琪', '吴美琪', '吴美琪', '吴美琪', '吴美琪', '吴美琪', '吴美琪');
INSERT INTO `basicinformation` VALUES ('2014317200426', '阙红艳', 'F', '21', '1995-09-14', '332501199509140245', '荟五279', '浙江莲都', '15927237458', '294283884', 'Hello，我是程序猿，我来自计科1404班，当你的才华还撑不起你的梦想时，那么你就应该静下心来学习！', '阙红艳', '阙红艳', '阙红艳', '阙红艳', '阙红艳', '阙红艳', '阙红艳', '阙红艳');
INSERT INTO `basicinformation` VALUES ('2014317200427', '董高君', 'F', '20', '1996-04-12', '110109199604121225', '荟五279', '北京', '13269122524', '1157172462', 'Hello，我是程序猿，我来自计科1404班，当你的才华还撑不起你的梦想时，那么你就应该静下心来学习！', '董高君', '董高君', '董高君', '董高君', '董高君', '董高君', '董高君', '董高君');
INSERT INTO `basicinformation` VALUES ('2014317200428', '任敬', 'F', '20', '1996-11-15', '132201199611150446', '荟五278', '河北邢台', '15833609866', '157553328', 'Hello，我是程序猿，我来自计科1404班，当你的才华还撑不起你的梦想时，那么你就应该静下心来学习！', '任敬', '任敬', '任敬', '任敬', '任敬', '任敬', '任敬', '任敬');
INSERT INTO `basicinformation` VALUES ('2014317200429', '李文姝', 'F', '19', '1997-06-24', '420621199706240748', '荟五278', '湖北襄阳', '13407163528', '1924494728', 'Hello，我是程序猿，我来自计科1404班，当你的才华还撑不起你的梦想时，那么你就应该静下心来学习！', '李文姝', '李文姝', '李文姝', '李文姝', '李文姝', '李文姝', '李文姝', '李文姝');
INSERT INTO `basicinformation` VALUES ('2014317200430', '房子琪', 'F', '20', '1996-04-03', '370705199604033044', '荟五278', '山东潍城', '15927690326', '1596959564', 'Hello，我是程序猿，我来自计科1404班，当你的才华还撑不起你的梦想时，那么你就应该静下心来学习！', '房子琪', '房子琪', '房子琪', '房子琪', '房子琪', '房子琪', '房子琪', '房子琪');
INSERT INTO `basicinformation` VALUES ('2014317200431', '谢婧', 'F', '19', '1997-04-15', '430725199704150020', '荟五278', '湖南常德', '15927696316', '6026636641', 'Hello，我是程序猿，我来自计科1404班，当你的才华还撑不起你的梦想时，那么你就应该静下心来学习！', '谢婧', '谢婧', '谢婧', '谢婧', '谢婧', '谢婧', '谢婧', '谢婧');

-- ----------------------------
-- Table structure for grade
-- ----------------------------
DROP TABLE IF EXISTS `grade`;
CREATE TABLE `grade` (
  `studentId` char(13) NOT NULL,
  `c` int(4) DEFAULT NULL,
  `java` int(4) DEFAULT NULL,
  `dataBase` int(4) DEFAULT NULL,
  `cplus` int(4) DEFAULT NULL,
  `dataStructures` int(4) DEFAULT NULL,
  `algorithm` int(4) DEFAULT NULL,
  `operateSystem` int(4) DEFAULT NULL,
  `composition` int(4) DEFAULT NULL,
  `network` int(4) DEFAULT NULL,
  PRIMARY KEY (`studentId`)
) ENGINE=InnoDB DEFAULT CHARSET=utf8;

-- ----------------------------
-- Records of grade
-- ----------------------------
INSERT INTO `grade` VALUES ('2013311200906', '83', '99', '68', '99', '74', '89', '96', '51', '61');
INSERT INTO `grade` VALUES ('2014317200401', '69', '74', '60', '57', '66', '77', '87', '71', '55');
INSERT INTO `grade` VALUES ('2014317200402', '98', '72', '93', '87', '56', '67', '99', '100', '94');
INSERT INTO `grade` VALUES ('2014317200403', '82', '88', '86', '64', '84', '55', '85', '88', '52');
INSERT INTO `grade` VALUES ('2014317200404', '68', '75', '52', '59', '50', '73', '78', '89', '78');
INSERT INTO `grade` VALUES ('2014317200405', '92', '90', '89', '95', '100', '100', '82', '82', '87');
INSERT INTO `grade` VALUES ('2014317200406', '57', '85', '96', '89', '99', '81', '78', '93', '97');
INSERT INTO `grade` VALUES ('2014317200407', '59', '90', '81', '87', '94', '54', '96', '67', '78');
INSERT INTO `grade` VALUES ('2014317200408', '76', '94', '64', '68', '73', '76', '92', '57', '96');
INSERT INTO `grade` VALUES ('2014317200409', '51', '52', '78', '77', '84', '70', '75', '84', '96');
INSERT INTO `grade` VALUES ('2014317200411', '79', '76', '98', '82', '50', '72', '100', '100', '92');
INSERT INTO `grade` VALUES ('2014317200412', '89', '72', '55', '79', '100', '99', '72', '96', '72');
INSERT INTO `grade` VALUES ('2014317200413', '58', '86', '83', '51', '99', '79', '62', '82', '83');
INSERT INTO `grade` VALUES ('2014317200414', '75', '62', '51', '66', '93', '96', '95', '70', '52');
INSERT INTO `grade` VALUES ('2014317200417', '51', '51', '54', '76', '69', '97', '87', '53', '58');
INSERT INTO `grade` VALUES ('2014317200418', '78', '68', '68', '81', '67', '94', '51', '56', '87');
INSERT INTO `grade` VALUES ('2014317200421', '87', '88', '76', '80', '80', '80', '96', '70', '60');
INSERT INTO `grade` VALUES ('2014317200423', '51', '86', '76', '57', '95', '67', '74', '81', '87');
INSERT INTO `grade` VALUES ('2014317200424', '93', '67', '51', '92', '88', '96', '81', '97', '58');
INSERT INTO `grade` VALUES ('2014317200425', '62', '75', '80', '92', '53', '79', '86', '90', '77');
INSERT INTO `grade` VALUES ('2014317200426', '80', '74', '97', '81', '50', '59', '84', '61', '63');
INSERT INTO `grade` VALUES ('2014317200427', '64', '95', '94', '81', '94', '55', '65', '83', '83');
INSERT INTO `grade` VALUES ('2014317200428', '81', '52', '77', '59', '70', '99', '71', '83', '78');
INSERT INTO `grade` VALUES ('2014317200429', '63', '77', '56', '56', '67', '81', '61', '66', '89');
INSERT INTO `grade` VALUES ('2014317200430', '73', '78', '100', '50', '75', '58', '92', '79', '63');
INSERT INTO `grade` VALUES ('2014317200431', '73', '61', '80', '85', '73', '95', '77', '100', '97');
